{"01_M_L_B_06.wav": 66.07703229845748, "03_M_L_B_08.wav": 41.9889395611619}